player_id,include,edition,note
355,yes,,Shubman Gill: Test unverified until the India v Afghanistan 2026 scorecards are in data/withheld_matches/
480,yes,,Yashasvi Jaiswal: Test unverified (same reason)
356,yes,,Mohammed Siraj: Test unverified (same reason)
223,yes,,Hardik Pandya: T20I unverified
6,yes,,Rishabh Pant: Test unverified (same reason)
1456,yes,,Arshdeep Singh: ODI and T20I unverified
417,yes,,Shreyas Iyer: ODI and T20I unverified
91,yes,legend,Cheteshwar Pujara
69,yes,legend,Ross Taylor: Samoa comeback doesn't count
156,yes,legend,James Anderson: retired 2024
94,yes,legend,Ravichandran Ashwin: retired 2024
7,yes,legend,David Warner: retired 2024
